{
  "train_loss": [
    0.17231388985804935,
    0.09461710389667213,
    0.07954060083360989,
    0.06598258226388692,
    0.05101461344671574,
    0.043923383365519535,
    0.03873411352668301,
    0.041073417113790436,
    0.03513224213472726,
    0.03331072462544402,
    0.02852435135555684,
    0.025958032575479812,
    0.028071753199307856,
    0.027596183599224305,
    0.02086465640619618,
    0.022044308416684998,
    0.023999877525402072,
    0.01786689031191038,
    0.017461804083399042,
    0.01779844176241626,
    0.016248944737011654,
    0.01461459854238985,
    0.015884267895381908,
    0.01584601869120223,
    0.014432132830595492,
    0.014377356190475483,
    0.01340093102816864,
    0.01163469666778474,
    0.012865127116870816,
    0.011600208168107069,
    0.0118416123954124,
    0.012223323091951436,
    0.01258931970507743,
    0.012214922362007918,
    0.012029929247773175,
    0.012584440929476533,
    0.012158712162077466,
    0.01260726445617497,
    0.01240323859765091,
    0.011478818152415539,
    0.012223839536689275,
    0.012092900489248637,
    0.011263001329227198,
    0.012259115151857897,
    0.014604124734388225,
    0.012516418378666414,
    0.011617810086934384,
    0.01159439300585751,
    0.011705177290403521,
    0.01103753523754433
  ],
  "train_acc": [
    0.8115555555555556,
    0.8971111111111111,
    0.9227222222222222,
    0.9334444444444444,
    0.9488888888888889,
    0.9555555555555556,
    0.9593333333333334,
    0.9588888888888889,
    0.964,
    0.9682222222222222,
    0.973,
    0.9727777777777777,
    0.9713333333333334,
    0.9717777777777777,
    0.9757777777777777,
    0.9757222222222223,
    0.9742777777777778,
    0.9785555555555555,
    0.9788888888888889,
    0.9781666666666666,
    0.9801111111111112,
    0.9803333333333333,
    0.9797222222222223,
    0.9793333333333333,
    0.9805555555555555,
    0.9818333333333333,
    0.9818333333333333,
    0.9832222222222222,
    0.9828333333333333,
    0.9822222222222222,
    0.983,
    0.9842222222222222,
    0.9833888888888889,
    0.9835,
    0.9842777777777778,
    0.9833888888888889,
    0.9823888888888889,
    0.9823333333333333,
    0.9818333333333333,
    0.9846666666666667,
    0.9837777777777778,
    0.9834444444444445,
    0.9847222222222223,
    0.9821666666666666,
    0.9818888888888889,
    0.9837777777777778,
    0.9836666666666667,
    0.9840555555555556,
    0.9827777777777778,
    0.9841666666666666
  ],
  "val_loss": [
    0.4804565540550763,
    0.3488232010349708,
    0.47891786214205045,
    0.37322752127285785,
    0.4140505416606591,
    0.41421002388440864,
    0.41489264112146473,
    0.47393125908939,
    0.44178637081591593,
    0.4237278805778363,
    0.5415024828427993,
    0.4791596488740529,
    0.5058476228458503,
    0.5183302206351115,
    0.5569094444833028,
    0.5215342966730455,
    0.5747679380139326,
    0.5771284965230118,
    0.6164308546455696,
    0.6330369113424417,
    0.6106467319046585,
    0.637825418998389,
    0.6766017922447635,
    0.7088373164845283,
    0.7023488781231932,
    0.7022740496441499,
    0.7099836844143899,
    0.738326510124179,
    0.7337090982981577,
    0.7605125758580793,
    0.7430980869545121,
    0.7525508828564883,
    0.7701970276518367,
    0.769937297724411,
    0.7811749151282201,
    0.7791013379810765,
    0.7737985883618006,
    0.7719560802969956,
    0.7844512676878053,
    0.7790313821984505,
    0.797504185520231,
    0.7916170148900836,
    0.7969281791548352,
    0.7942855829986402,
    0.7925339776216513,
    0.7891359076202611,
    0.7896619806590172,
    0.7899556925534968,
    0.7913335581840917,
    0.7932855813844739
  ],
  "val_acc": [
    0.8126467365784943,
    0.8884019408358116,
    0.8660197213961496,
    0.8985756769447488,
    0.9082798560025043,
    0.8990452339959305,
    0.9062451087807168,
    0.8976365628423854,
    0.9110971983095946,
    0.9103146032242917,
    0.9178275160431992,
    0.9168884019408358,
    0.9148536547190483,
    0.9136015025825638,
    0.9137580215996244,
    0.9136015025825638,
    0.9154797307872906,
    0.9150101737361089,
    0.916105806855533,
    0.9168884019408358,
    0.9164188448896541,
    0.9175144780090781,
    0.9175144780090781,
    0.9165753639067147,
    0.9164188448896541,
    0.9175144780090781,
    0.917201439974957,
    0.9168884019408358,
    0.9168884019408358,
    0.9170449209578964,
    0.9168884019408358,
    0.9175144780090781,
    0.9168884019408358,
    0.9168884019408358,
    0.9170449209578964,
    0.917201439974957,
    0.9170449209578964,
    0.9167318829237753,
    0.9173579589920176,
    0.9168884019408358,
    0.9167318829237753,
    0.9168884019408358,
    0.9167318829237753,
    0.917201439974957,
    0.9170449209578964,
    0.917201439974957,
    0.9175144780090781,
    0.9173579589920176,
    0.9175144780090781,
    0.9175144780090781
  ]
}