{
  "train_loss": [
    1.2830193548013042,
    1.2222144808990276,
    1.1427463324654181,
    1.1172423275890728,
    1.0685314524252683,
    1.0370658237413066,
    1.017553046444394,
    1.011837366400965,
    0.9934933047420931,
    0.9848792122689304,
    0.9639093824569752,
    0.9683486085064363,
    0.9577418044702897,
    0.9578826912980996,
    0.9449939917254921,
    0.9369890437220896,
    0.9371223793124521,
    0.9269374494521033,
    0.9074335477210038,
    0.9120166408305137,
    0.9062496478983898,
    0.8906471038496258,
    0.9065201827232411,
    0.8935691599814307,
    0.8840053792031396,
    0.8880658177350531,
    0.887973990661419,
    0.892939224543161,
    0.8773555585880153,
    0.8792029583690971,
    0.8677907218996262,
    0.8893562219790275,
    0.8624492354740371,
    0.8708986553135297,
    0.8798712634092924,
    0.8804469848705443,
    0.8609886094434371,
    0.8712459155265858,
    0.8789306468521523,
    0.8736913318665612,
    0.8660282295271261,
    0.868576714929366,
    0.8575545683601834,
    0.8599842621001187,
    0.8683948789211299,
    0.8780068845938374,
    0.860368579428717,
    0.8751852753146595,
    0.8591344082197606,
    0.8677012012494321
  ],
  "train_acc": [
    0.3472682119205298,
    0.36961920529801323,
    0.41142384105960267,
    0.4383278145695364,
    0.45612582781456956,
    0.46771523178807944,
    0.48427152317880795,
    0.4817880794701987,
    0.5024834437086093,
    0.4995860927152318,
    0.5256622516556292,
    0.5132450331125827,
    0.5206953642384106,
    0.5074503311258278,
    0.5223509933774835,
    0.5289735099337748,
    0.5269039735099338,
    0.5244205298013245,
    0.5500827814569537,
    0.5447019867549668,
    0.5459437086092715,
    0.5525662251655629,
    0.5509105960264901,
    0.5699503311258278,
    0.5662251655629139,
    0.5509105960264901,
    0.5637417218543046,
    0.5538079470198676,
    0.5794701986754967,
    0.5724337748344371,
    0.581953642384106,
    0.5687086092715232,
    0.5844370860927153,
    0.5670529801324503,
    0.5860927152317881,
    0.5769867549668874,
    0.581953642384106,
    0.5716059602649006,
    0.570364238410596,
    0.5649834437086093,
    0.5827814569536424,
    0.5790562913907285,
    0.5852649006622517,
    0.5889900662251656,
    0.5757450331125827,
    0.5587748344370861,
    0.5860927152317881,
    0.5753311258278145,
    0.5894039735099338,
    0.5765728476821192
  ],
  "val_loss": [
    1.110607312275813,
    1.0604977332628691,
    1.0365174550276537,
    1.0124430167369354,
    0.9993699116584582,
    0.9897106748360854,
    0.9824584157038958,
    0.9737943166341537,
    0.9740945330032935,
    0.9693393309911092,
    0.9768123550292773,
    0.9715261306518164,
    0.9697849949200948,
    0.968021918565799,
    0.9779268365639907,
    0.9679622802978907,
    0.9749791515179169,
    0.9729493229817121,
    0.9652731372759893,
    0.9741901678916736,
    0.9653908411661783,
    0.973685635970189,
    0.9738190571467081,
    0.9822775247769479,
    0.9779536846356515,
    0.9819240677051055,
    0.9878659936097952,
    0.9772163293300531,
    0.9761001834502587,
    0.9877994885811439,
    0.9742599649307055,
    0.987380584081014,
    0.9878813349283658,
    0.980540700447865,
    0.9791891605426104,
    0.9850659813636389,
    0.9861905146867801,
    0.9806312062801459,
    0.9808890376335535,
    0.979597406509595,
    0.9829523670367706,
    0.9854783660326248,
    0.9869333582046704,
    0.9904422729443281,
    0.9844659780844663,
    0.9814521593925281,
    0.9885295507235404,
    0.9844781863383758,
    0.9934661892744211,
    0.9772283006937076
  ],
  "val_acc": [
    0.36538461538461536,
    0.41185897435897434,
    0.4391025641025641,
    0.4407051282051282,
    0.4391025641025641,
    0.4551282051282051,
    0.453525641025641,
    0.46955128205128205,
    0.47275641025641024,
    0.4775641025641026,
    0.46794871794871795,
    0.4791666666666667,
    0.4791666666666667,
    0.4823717948717949,
    0.46474358974358976,
    0.48717948717948717,
    0.47435897435897434,
    0.4855769230769231,
    0.4807692307692308,
    0.4807692307692308,
    0.5016025641025641,
    0.48878205128205127,
    0.49198717948717946,
    0.4855769230769231,
    0.48878205128205127,
    0.483974358974359,
    0.4791666666666667,
    0.4951923076923077,
    0.4967948717948718,
    0.4935897435897436,
    0.4935897435897436,
    0.5064102564102564,
    0.49198717948717946,
    0.5,
    0.4951923076923077,
    0.4967948717948718,
    0.483974358974359,
    0.4983974358974359,
    0.5096153846153846,
    0.4935897435897436,
    0.5,
    0.4967948717948718,
    0.4983974358974359,
    0.49038461538461536,
    0.49198717948717946,
    0.483974358974359,
    0.48878205128205127,
    0.4983974358974359,
    0.4935897435897436,
    0.5032051282051282
  ]
}