{
  "train_loss": [
    1.1632763704057574,
    1.1170467600570653,
    1.0214725935419795,
    0.98497604753318,
    0.9795054050758727,
    0.963965227009833,
    0.9407381277666627,
    0.9235257583089395,
    0.9095819959349365,
    0.8769909872276949,
    0.9101872277928658,
    0.8931944378138376,
    0.8786050590744899,
    0.8587513066361053,
    0.8687719987957391,
    0.8661440602033446,
    0.8640347117244607,
    0.8672866556707388,
    0.8458562152023756,
    0.8529502464206306,
    0.8510462132224156,
    0.8389016524596576,
    0.8502273126797314,
    0.8251024754133949,
    0.8328679309229646,
    0.8250038156611691,
    0.8286959538758785,
    0.8257827756821913,
    0.8270567019190332,
    0.8311225044058494,
    0.8331281879160664,
    0.8310906135603147,
    0.8288086423582763,
    0.8506071059027127,
    0.8326744108703663,
    0.8183903170890934,
    0.8181520843073087,
    0.8250338342716985,
    0.8147434959120483,
    0.8251215315888031,
    0.8200706377281214,
    0.8286529821727929,
    0.8282192674997223,
    0.8352283027896,
    0.8002412619173723,
    0.8096917454559024,
    0.8167440498819446,
    0.8351001732616928,
    0.8188053079367471,
    0.8257476350065112
  ],
  "train_acc": [
    0.42326732673267325,
    0.47483498349834985,
    0.5123762376237624,
    0.5268151815181518,
    0.5247524752475248,
    0.5338283828382838,
    0.5585808580858086,
    0.5594059405940595,
    0.570957095709571,
    0.5891089108910891,
    0.5664191419141914,
    0.5796204620462047,
    0.5858085808580858,
    0.5924092409240924,
    0.5866336633663366,
    0.5985973597359736,
    0.5973597359735974,
    0.5878712871287128,
    0.6006600660066007,
    0.5985973597359736,
    0.6089108910891089,
    0.6014851485148515,
    0.6031353135313532,
    0.6105610561056105,
    0.6126237623762376,
    0.6311881188118812,
    0.6113861386138614,
    0.6068481848184818,
    0.6188118811881188,
    0.6051980198019802,
    0.6204620462046204,
    0.6183993399339934,
    0.5957095709570958,
    0.6105610561056105,
    0.615924092409241,
    0.6229372937293729,
    0.6113861386138614,
    0.6188118811881188,
    0.6126237623762376,
    0.6023102310231023,
    0.6126237623762376,
    0.6126237623762376,
    0.6039603960396039,
    0.6047854785478548,
    0.6332508250825083,
    0.6175742574257426,
    0.6237623762376238,
    0.6175742574257426,
    0.6171617161716172,
    0.6117986798679867
  ],
  "val_loss": [
    1.0113039712111156,
    0.9754350368793194,
    0.9601678137595837,
    0.9394770868313618,
    0.9320558615219898,
    0.9515389952904139,
    0.9423372367253671,
    0.9377125520736743,
    0.9433149191049429,
    0.9347444478517923,
    0.9219975700745215,
    0.920664525949038,
    0.9189678365603472,
    0.912975686100813,
    0.9181917004096203,
    0.9318237514832081,
    0.9537885532929347,
    0.9346050387009596,
    0.9256428342599136,
    0.9547139669840152,
    0.919792401102873,
    0.9296763390302658,
    0.9408212071045851,
    0.9268870739600598,
    0.9212587231244797,
    0.9320955165685751,
    0.9568451711764703,
    0.9386558414269717,
    0.9246985797698681,
    0.942028521727293,
    0.9353458709441699,
    0.9257725561276461,
    0.9211244552563398,
    0.9298373139821566,
    0.9322620492715102,
    0.9278484544692895,
    0.9261411210665336,
    0.9177751930860373,
    0.9230811496575674,
    0.9149914926443344,
    0.9355450028028244,
    0.9316812994388434,
    0.9166308874503161,
    0.9308101110733472,
    0.9196402014066012,
    0.919560914238294,
    0.9386004847593796,
    0.9255668031863677,
    0.9413266938466293,
    0.9251179771545606
  ],
  "val_acc": [
    0.46153846153846156,
    0.5160256410256411,
    0.5272435897435898,
    0.530448717948718,
    0.5352564102564102,
    0.5208333333333334,
    0.5240384615384616,
    0.5480769230769231,
    0.532051282051282,
    0.5352564102564102,
    0.5496794871794872,
    0.5480769230769231,
    0.5608974358974359,
    0.5352564102564102,
    0.5336538461538461,
    0.5208333333333334,
    0.5208333333333334,
    0.5272435897435898,
    0.5272435897435898,
    0.5048076923076923,
    0.532051282051282,
    0.532051282051282,
    0.5240384615384616,
    0.5416666666666666,
    0.5544871794871795,
    0.5288461538461539,
    0.5272435897435898,
    0.5288461538461539,
    0.5368589743589743,
    0.5192307692307693,
    0.5160256410256411,
    0.5368589743589743,
    0.5288461538461539,
    0.5496794871794872,
    0.5272435897435898,
    0.5128205128205128,
    0.5336538461538461,
    0.5544871794871795,
    0.532051282051282,
    0.5448717948717948,
    0.5144230769230769,
    0.5224358974358975,
    0.532051282051282,
    0.532051282051282,
    0.5496794871794872,
    0.5496794871794872,
    0.5240384615384616,
    0.5400641025641025,
    0.530448717948718,
    0.5384615384615384
  ]
}