{
  "train_loss": [
    1.1432689455671048,
    1.0735848923341944,
    0.9845773386299064,
    0.9853548845019909,
    0.9150418819637474,
    0.85659176001855,
    0.8499054646273272,
    0.8765389908344374,
    0.8301505607749344,
    0.8107341229915619,
    0.8253437209566798,
    0.8022456754238234,
    0.7826619462682567,
    0.800127014654492,
    0.85928119814724,
    0.792044368358927,
    0.7773198124465592,
    0.755384814301762,
    0.7748853203353532,
    0.781732535143511,
    0.7699630881121399,
    0.7474501843846172,
    0.7461436516648039,
    0.7360522695090792,
    0.7754300119133171,
    0.7497645009548293,
    0.7298873096977899,
    0.7611919996935294,
    0.7887365891845948,
    0.8122175221049458,
    0.8166529727638314,
    0.7722255705146615,
    0.7462906610528264,
    0.7207215793362451,
    0.7515086774979163,
    0.7338025846065731,
    0.7450447965652571,
    0.7523943792789354,
    0.7363771254863214,
    0.7311865769395041,
    0.7677962252306282,
    0.7589687685900872,
    0.7626529341443963,
    0.7701973524115501,
    0.7503063118239062,
    0.7517605623520842,
    0.7492293390112186,
    0.8233045044295285,
    0.7524887533909684,
    0.8115550244073255
  ],
  "train_acc": [
    0.3944954128440367,
    0.4323394495412844,
    0.5263761467889908,
    0.5309633027522935,
    0.5768348623853211,
    0.5848623853211009,
    0.5894495412844036,
    0.6181192660550459,
    0.6043577981651376,
    0.6146788990825688,
    0.6112385321100917,
    0.6215596330275229,
    0.6399082568807339,
    0.6272935779816514,
    0.6330275229357798,
    0.6307339449541285,
    0.6399082568807339,
    0.6467889908256881,
    0.6399082568807339,
    0.6399082568807339,
    0.6548165137614679,
    0.6559633027522935,
    0.6731651376146789,
    0.6628440366972477,
    0.643348623853211,
    0.6926605504587156,
    0.676605504587156,
    0.6502293577981652,
    0.6467889908256881,
    0.6525229357798165,
    0.6353211009174312,
    0.6628440366972477,
    0.6731651376146789,
    0.680045871559633,
    0.6674311926605505,
    0.6639908256880734,
    0.6697247706422018,
    0.6605504587155964,
    0.6662844036697247,
    0.6605504587155964,
    0.6697247706422018,
    0.6536697247706422,
    0.6548165137614679,
    0.658256880733945,
    0.6548165137614679,
    0.6525229357798165,
    0.6639908256880734,
    0.6605504587155964,
    0.6697247706422018,
    0.6548165137614679
  ],
  "val_loss": [
    1.0803561971375817,
    1.0695393391345676,
    1.004904040380528,
    1.0178623395530801,
    0.9993460880298364,
    0.9626064010356602,
    0.9556886894922507,
    0.9411135629603737,
    0.9665522749878859,
    0.9499717264583236,
    0.9385831367812658,
    0.9395123053538171,
    0.9430566847716507,
    0.9267033814991775,
    0.9219983212257686,
    0.9599874101971325,
    0.9506194477802828,
    0.9278304235715615,
    0.9623920776342091,
    0.9816120876685569,
    0.9379198645290575,
    0.9344989696615621,
    0.9584766310688696,
    0.9971822792370069,
    0.9337176231569365,
    0.9327193396656137,
    0.9473778372140307,
    0.9289007986846723,
    0.9500096636383157,
    0.938152376562357,
    0.9790738405365693,
    0.9331654702362261,
    0.9412768098868822,
    0.9500740397917596,
    0.9323046285855142,
    0.9521921277046204,
    0.9488152120458452,
    0.9565190349362398,
    0.948653098783995,
    0.9426228288365038,
    0.9387951795207826,
    0.9521298771233935,
    0.9570256304976187,
    0.949385759077574,
    0.9482700242415855,
    0.9730518354397071,
    0.938631217142469,
    0.9369709327032691,
    0.9720087608224467,
    0.9613685431449037
  ],
  "val_acc": [
    0.4693200663349917,
    0.48756218905472637,
    0.49585406301824214,
    0.4842454394693201,
    0.4792703150912106,
    0.5041459369817579,
    0.4892205638474295,
    0.49917081260364843,
    0.48092868988391374,
    0.5091210613598673,
    0.5008291873963516,
    0.5041459369817579,
    0.49087893864013266,
    0.5041459369817579,
    0.5024875621890548,
    0.472636815920398,
    0.47761194029850745,
    0.49087893864013266,
    0.48756218905472637,
    0.47761194029850745,
    0.48092868988391374,
    0.4859038142620232,
    0.48258706467661694,
    0.4693200663349917,
    0.49585406301824214,
    0.49917081260364843,
    0.47761194029850745,
    0.4842454394693201,
    0.4925373134328358,
    0.49087893864013266,
    0.472636815920398,
    0.494195688225539,
    0.494195688225539,
    0.4925373134328358,
    0.49087893864013266,
    0.4975124378109453,
    0.47429519071310117,
    0.494195688225539,
    0.4859038142620232,
    0.4892205638474295,
    0.49087893864013266,
    0.494195688225539,
    0.48092868988391374,
    0.48756218905472637,
    0.494195688225539,
    0.47429519071310117,
    0.49087893864013266,
    0.494195688225539,
    0.4792703150912106,
    0.49087893864013266
  ]
}