{
  "train_loss": [
    0.5173533199299108,
    0.4443611667238154,
    0.4264763351079051,
    0.41015825447890575,
    0.40695435376720646,
    0.4003760736915287,
    0.3978520541633087,
    0.37873745362733247,
    0.39192799048539745,
    0.37791933636077374,
    0.3768537969356412,
    0.37123814454917065,
    0.3673204804436166,
    0.36480430599810537,
    0.3651932794330254,
    0.3752633951719767,
    0.36823585421560984,
    0.37308230406144005,
    0.3502173735530252,
    0.3594496067061602,
    0.3688339244210074,
    0.3603306351209714,
    0.3487449305227598,
    0.35655244119241764,
    0.36686063424070137,
    0.34635034684968136,
    0.348442853939614,
    0.3578427711903818,
    0.349722186368525,
    0.3543038292709532,
    0.34462755410738166,
    0.3437486198214167,
    0.3688406601101016,
    0.3440923110364656,
    0.3606355129276823,
    0.3517177378702891,
    0.34926314073157677,
    0.3513684316149697,
    0.3495661157750437,
    0.36153520289574104,
    0.35704768655708086,
    0.3484700326803289,
    0.35596780375453996,
    0.35404162819696533,
    0.34167144217123596,
    0.3540344315275391,
    0.35201900641164324,
    0.3569277945007959,
    0.35960525503275703,
    0.35368057529713387
  ],
  "train_acc": [
    0.7473378509196515,
    0.8090513068731849,
    0.8188528557599225,
    0.82405614714424,
    0.8251452081316554,
    0.8226040658276863,
    0.8285333978702807,
    0.8339787028073572,
    0.8356727976766699,
    0.8333736689254598,
    0.8371248789932236,
    0.8407550822846079,
    0.8383349467570184,
    0.8407550822846079,
    0.8435382381413359,
    0.8342207163601162,
    0.8412391093901258,
    0.8339787028073572,
    0.8416021297192643,
    0.83797192642788,
    0.8359148112294289,
    0.8443852855759922,
    0.8469264278799613,
    0.8419651500484027,
    0.840513068731849,
    0.8497095837366893,
    0.8440222652468539,
    0.8443852855759922,
    0.845837366892546,
    0.8459583736689255,
    0.8477734753146177,
    0.8488625363020329,
    0.8391819941916747,
    0.8489835430784124,
    0.8403920619554696,
    0.8468054211035818,
    0.847894482090997,
    0.8440222652468539,
    0.8494675701839303,
    0.8465634075508228,
    0.8363988383349468,
    0.8457163601161665,
    0.8435382381413359,
    0.8393030009680542,
    0.8520087124878993,
    0.8445062923523717,
    0.8455953533397871,
    0.8423281703775412,
    0.8380929332042595,
    0.843054211035818
  ],
  "val_loss": [
    0.5903837143701348,
    0.6152569206252609,
    0.7101153651999552,
    0.629887272656427,
    0.6687259100651168,
    0.7359434649727102,
    0.7284505908603722,
    0.6962614061447692,
    0.7294348694415669,
    0.7224577110323865,
    0.7439029632178319,
    0.7060543425475895,
    0.663032883225735,
    0.7336013702054819,
    0.6544355155879074,
    0.6757936770343722,
    0.7084089681127314,
    0.755456379241189,
    0.6743893345849494,
    0.6919583935227435,
    0.7586180027363832,
    0.7339373651660431,
    0.7495223037993252,
    0.7607485295278625,
    0.7270070147926861,
    0.7718720825620543,
    0.8157551683443415,
    0.7431078183459444,
    0.6938532640694477,
    0.6854624042924136,
    0.7168681132054683,
    0.7093975101887001,
    0.7328954545917821,
    0.6895069230695144,
    0.7559423129216342,
    0.7821635992955521,
    0.7671919479639938,
    0.7634663205846386,
    0.7572043671951456,
    0.7629990908501427,
    0.7276485640671377,
    0.7705342485806195,
    0.7164321551283579,
    0.7254519563031483,
    0.7566272215023215,
    0.7602997095466165,
    0.8423355884828978,
    0.7872755649094444,
    0.7244636102626889,
    0.7121465032351977
  ],
  "val_acc": [
    0.6193845065440396,
    0.6179695790590732,
    0.5822426600636718,
    0.613724796604174,
    0.6091262822780332,
    0.582950123806155,
    0.5854262469048461,
    0.6016979129819596,
    0.5970993986558188,
    0.5988680580120269,
    0.5928546162009197,
    0.6140785284754157,
    0.6211531659002476,
    0.5836575875486382,
    0.6246904846126636,
    0.6169083834453484,
    0.6077113547930668,
    0.5893172974885037,
    0.6211531659002476,
    0.6193845065440396,
    0.5737530951538734,
    0.6020516448532013,
    0.5935620799434029,
    0.5907322249734701,
    0.5988680580120269,
    0.5910859568447117,
    0.5677396533427662,
    0.5999292536257517,
    0.6123098691192076,
    0.6183233109303148,
    0.5995755217545101,
    0.6087725504067917,
    0.6006367173682349,
    0.61726211531659,
    0.5970993986558188,
    0.5769366819950478,
    0.588256101874779,
    0.5935620799434029,
    0.5900247612309869,
    0.5811814644499469,
    0.6140785284754157,
    0.5875486381322957,
    0.6048814998231341,
    0.6013441811107181,
    0.5949770074283693,
    0.5956844711708525,
    0.5603112840466926,
    0.5808277325787053,
    0.6041740360806509,
    0.6126636009904493
  ]
}