{
  "train_loss": [
    0.3704930389853078,
    0.1773451556669103,
    0.1385173531175999,
    0.1105882117225024,
    0.09950779129861241,
    0.08544869267491555,
    0.07175504836446349,
    0.06357124944693453,
    0.06014491443082529,
    0.05749507765009165,
    0.06558895796054842,
    0.049259270860058796,
    0.03569202796727292,
    0.04731199442402553,
    0.03861954427670129,
    0.04568730494031767,
    0.04698556752616584,
    0.037214830186281654,
    0.04684804228609803,
    0.028577377933120183,
    0.02845333773002833,
    0.026890982553807608,
    0.024855182808479582,
    0.02180122207184774,
    0.027382485701847033,
    0.0229777458115761,
    0.027312025573328975,
    0.027530554707550496,
    0.02504867180793987,
    0.021045976512799252,
    0.022214671882904158,
    0.018793747354781086,
    0.019425491879954244,
    0.020473929749076806,
    0.018044178191967325,
    0.01962503492947913,
    0.018028331585088132,
    0.017139512470290493,
    0.016645635820988793,
    0.01957453083101273,
    0.016060809868903354,
    0.017351354672342154,
    0.016677174396443253,
    0.016139944120281864,
    0.019891801479659646
  ],
  "train_acc": [
    0.6458055925432756,
    0.7817909454061251,
    0.8215712383488681,
    0.8651797603195739,
    0.8873169107856191,
    0.8918109187749668,
    0.905792276964048,
    0.9237683089214381,
    0.9142809587217043,
    0.9280958721704394,
    0.922936085219707,
    0.9425765645805593,
    0.9512316910785619,
    0.9369174434087882,
    0.949733688415446,
    0.9450732356857523,
    0.9460719041278296,
    0.9543941411451398,
    0.9502330226364847,
    0.9668774966711052,
    0.9660452729693741,
    0.9658788282290279,
    0.9683754993342211,
    0.9747003994673769,
    0.9698735019973369,
    0.9712050599201065,
    0.9712050599201065,
    0.9698735019973369,
    0.9717043941411452,
    0.9785286284953395,
    0.9742010652463382,
    0.9783621837549934,
    0.9790279627163782,
    0.9765312916111851,
    0.9771970705725699,
    0.9778628495339547,
    0.9800266311584553,
    0.9785286284953395,
    0.9790279627163782,
    0.9781957390146472,
    0.9838548601864181,
    0.9791944074567244,
    0.9803595206391478,
    0.9791944074567244,
    0.9800266311584553
  ],
  "val_loss": [
    1.7273091199295072,
    0.8138555277639055,
    1.1414482611086967,
    0.8431899317070207,
    1.1286692640119345,
    0.9407664919234187,
    0.924174158436591,
    0.8131375340861282,
    0.7372878604760359,
    0.7239694910084962,
    0.7597871755208834,
    0.7971967999018308,
    0.7832223572515401,
    0.7044634391170663,
    0.7405383898113314,
    0.7602474305867634,
    0.6901607700300146,
    0.707197503017191,
    0.756141484523182,
    0.8031750370870973,
    0.8416518966636276,
    0.8039690020255928,
    0.8402721041577909,
    0.8869111788865639,
    0.8471475582901191,
    0.8504149342198593,
    0.825308938953008,
    0.8804312053139614,
    0.8838783787389957,
    0.9127588879121292,
    0.9053185473765759,
    0.9181771114293183,
    1.037150369010251,
    0.900340457720752,
    0.9185343604440432,
    0.9345193045698635,
    0.9569898534720347,
    0.9690988151243557,
    0.9778423637199747,
    1.0000012348503304,
    1.015242948745409,
    1.0126634674977841,
    1.007719517642763,
    1.0098732734806084,
    1.0139979346335222
  ],
  "val_acc": [
    0.3756440281030445,
    0.7021077283372366,
    0.6206088992974239,
    0.7245901639344262,
    0.6501170960187354,
    0.7419203747072599,
    0.7405152224824356,
    0.7817330210772834,
    0.7953161592505855,
    0.8304449648711943,
    0.8163934426229508,
    0.8215456674473068,
    0.8496487119437939,
    0.824824355971897,
    0.8416861826697892,
    0.8496487119437939,
    0.8355971896955503,
    0.8459016393442623,
    0.8477751756440282,
    0.8482435597189696,
    0.8473067915690866,
    0.8627634660421546,
    0.8660421545667447,
    0.8604215456674473,
    0.8557377049180328,
    0.8585480093676815,
    0.863231850117096,
    0.8548009367681498,
    0.8646370023419204,
    0.8585480093676815,
    0.8665105386416861,
    0.8665105386416861,
    0.8346604215456674,
    0.8674473067915691,
    0.8711943793911007,
    0.8711943793911007,
    0.8651053864168619,
    0.8655737704918033,
    0.869320843091335,
    0.8637002341920375,
    0.8641686182669789,
    0.8651053864168619,
    0.8688524590163934,
    0.8707259953161592,
    0.8707259953161592
  ]
}