{
  "train_loss": [
    0.5563111359926555,
    0.4872725581911605,
    0.46255652580413503,
    0.45005720433691876,
    0.4350990507008601,
    0.43702520962970776,
    0.4238397610860234,
    0.42083180091512484,
    0.41389330439367317,
    0.41393038494250073,
    0.4124021859528303,
    0.4035922182366995,
    0.39987931315308844,
    0.40289648971662956,
    0.3961654611792308,
    0.3985249437114724,
    0.39935952197346425,
    0.39079505195702674,
    0.39120258928512075,
    0.39179437039770376,
    0.3938669847472785,
    0.38417491491326666,
    0.3871069639213937,
    0.3926505431832708,
    0.3842493772175903,
    0.38166860288069343,
    0.3835388494578898,
    0.3817221385134304,
    0.37996570053506296,
    0.38230586514424464,
    0.3818057916735805,
    0.38192446358348725,
    0.3712061221922372,
    0.37605928282855583,
    0.37568699675901407,
    0.37287460272188183,
    0.3808318019965998,
    0.37816736568091397,
    0.3725832801643019,
    0.37778658972937396,
    0.37734758527012424,
    0.3727028837275943,
    0.3842701770557532,
    0.37572471103170596,
    0.37221238173850774,
    0.3752615537196202,
    0.3763041839847701,
    0.3789716369561258,
    0.36870634084125803,
    0.3795046965255095
  ],
  "train_acc": [
    0.7218941382327209,
    0.7574365704286964,
    0.7770122484689413,
    0.7789807524059492,
    0.7911198600174978,
    0.7896981627296588,
    0.793416447944007,
    0.7963692038495188,
    0.801509186351706,
    0.8008530183727034,
    0.801017060367454,
    0.8052274715660542,
    0.8063210848643919,
    0.8033136482939632,
    0.8096019247594051,
    0.8094925634295713,
    0.8071959755030621,
    0.8122265966754155,
    0.8088910761154856,
    0.8096019247594051,
    0.8075787401574803,
    0.8151793525809273,
    0.8141951006124234,
    0.8136482939632546,
    0.8143591426071741,
    0.8180227471566054,
    0.814413823272091,
    0.8181321084864392,
    0.8167650918635171,
    0.814413823272091,
    0.8179133858267716,
    0.8212489063867017,
    0.8262795275590551,
    0.8204286964129484,
    0.8241469816272966,
    0.8203193350831146,
    0.8155074365704287,
    0.8194444444444444,
    0.8185148731408574,
    0.8213582677165354,
    0.820155293088364,
    0.8241469816272966,
    0.8150153105861767,
    0.821084864391951,
    0.8192804024496938,
    0.8236548556430446,
    0.8185695538057742,
    0.818241469816273,
    0.8213582677165354,
    0.8175853018372703
  ],
  "val_loss": [
    0.4125411639933999,
    0.36633773409427317,
    0.3403432633608359,
    0.40093082774536165,
    0.35768712921074963,
    0.3626838606034673,
    0.33059120175696255,
    0.32715179807932543,
    0.3527865850133534,
    0.3799814718204715,
    0.32052160173415695,
    0.33940432240219576,
    0.33590554373405423,
    0.37309291435959124,
    0.3038006571894362,
    0.3273740853952375,
    0.337744673224839,
    0.3698782070979715,
    0.34534613963712635,
    0.31920695681533745,
    0.3148588448804235,
    0.3099842914483486,
    0.33570861449963546,
    0.3445551028858719,
    0.3538172752877787,
    0.330396849372678,
    0.34216426422362445,
    0.34436861925980056,
    0.33345085099964195,
    0.3584260020575012,
    0.3388332813776083,
    0.3522527984902722,
    0.36495206665256863,
    0.33236459913317906,
    0.3239247681970367,
    0.3537705046929759,
    0.3550850737807783,
    0.31672020565429027,
    0.3465433251491659,
    0.3067998868475281,
    0.3419565490726037,
    0.3489016437215177,
    0.3233556909734698,
    0.3570479376599854,
    0.33596731804922203,
    0.3721063641289251,
    0.33543812492965697,
    0.323999758557165,
    0.3730310406949275,
    0.3572512952514388
  ],
  "val_acc": [
    0.8082614056720099,
    0.8660604192355117,
    0.8743834771886559,
    0.7908446362515413,
    0.8517262638717632,
    0.8514180024660912,
    0.8756165228113441,
    0.8766954377311961,
    0.8557336621454994,
    0.8355425400739828,
    0.8802404438964242,
    0.8776202219482121,
    0.8854808877928483,
    0.8484895191122072,
    0.9138409371146733,
    0.8800863131935882,
    0.8768495684340321,
    0.8526510480887793,
    0.8786991368680641,
    0.8956535141800247,
    0.8947287299630087,
    0.8911837237977805,
    0.8768495684340321,
    0.874075215782984,
    0.8657521578298397,
    0.8796239210850801,
    0.8358508014796547,
    0.8677558569667078,
    0.8850184956843403,
    0.8632860665844636,
    0.8682182490752158,
    0.8689889025893958,
    0.8548088779284834,
    0.8745376078914919,
    0.8842478421701603,
    0.8635943279901356,
    0.8213625154130703,
    0.8884093711467325,
    0.8743834771886559,
    0.9002774352651048,
    0.8708384710234278,
    0.8313810110974106,
    0.8891800246609125,
    0.8612823674475956,
    0.8754623921085081,
    0.8572749691738595,
    0.8776202219482121,
    0.8857891491985204,
    0.8504932182490752,
    0.8303020961775586
  ]
}