{
  "train_loss": [
    0.9595398396570939,
    0.8423943569791744,
    0.8023492020103153,
    0.7489824635188554,
    0.7414823488367492,
    0.7220508355542743,
    0.6912390730647588,
    0.6962397291549524,
    0.6955956592073976,
    0.6653593258584226,
    0.6508493970679291,
    0.6433508470293859,
    0.648440848866483,
    0.6397199613859901,
    0.6249653797268522,
    0.613954966420818,
    0.6292987195026609,
    0.6291812993622127,
    0.6203409613318388,
    0.6042126914682832,
    0.6076898312435953,
    0.6033700797328183,
    0.5944620652227065,
    0.5915388689310599,
    0.5987503948799061,
    0.6113565850494446,
    0.5876509655710573,
    0.5969099319771668,
    0.6015132758676256,
    0.5823578618445217,
    0.5956830400522773,
    0.5865743528954173,
    0.5919946733021898,
    0.5969965390550894,
    0.5931035812587152,
    0.5829733275057386,
    0.5889406442238309,
    0.5903440174094012,
    0.5898011024799721,
    0.5812352299041116,
    0.5903259877111882,
    0.5778170054397994,
    0.582874190376031,
    0.5805802427210628,
    0.5916246068154508,
    0.6003354941021438,
    0.5845480266406714,
    0.5967463447864727,
    0.585236827847399,
    0.5932768581061834
  ],
  "train_acc": [
    0.5278315585672798,
    0.6120522749273959,
    0.6390367860600193,
    0.6637221684414327,
    0.6799370764762827,
    0.6853823814133592,
    0.7002662149080349,
    0.6972410454985479,
    0.7015972894482091,
    0.7193852855759922,
    0.7185382381413359,
    0.7221684414327202,
    0.7213213939980639,
    0.7243465634075508,
    0.7303969022265246,
    0.7400774443368828,
    0.7294288480154889,
    0.726403678606002,
    0.736568247821878,
    0.7455227492739593,
    0.741892545982575,
    0.7406824782187803,
    0.7445546950629235,
    0.7521781219748306,
    0.7464908034849952,
    0.7400774443368828,
    0.7506050338818974,
    0.7437076476282671,
    0.7473378509196515,
    0.7510890609874153,
    0.7516940948693127,
    0.7544772507260407,
    0.750242013552759,
    0.7477008712487899,
    0.7526621490803485,
    0.7529041626331074,
    0.7538722168441433,
    0.7506050338818974,
    0.7481848983543078,
    0.7552032913843175,
    0.7464908034849952,
    0.7545982575024202,
    0.7530251694094869,
    0.7536302032913843,
    0.7533881897386253,
    0.7468538238141336,
    0.7489109390125847,
    0.739351403678606,
    0.7463697967086157,
    0.7487899322362053
  ],
  "val_loss": [
    1.1836404332754302,
    1.0304214277088979,
    1.1420966747116907,
    1.0195851472264292,
    1.0984317312637966,
    1.0296976929162183,
    0.9272930142232927,
    0.9570324125431352,
    1.018897629874406,
    1.1261940695724244,
    0.9798818961585646,
    0.978588823818386,
    0.9438534342804871,
    0.9713192147723699,
    0.9581100149974648,
    0.9884850716186782,
    0.9633052131045337,
    1.0055465991635106,
    0.9815040902355633,
    0.9670466210924636,
    1.0563604985127004,
    0.9688126101332196,
    0.984112235870065,
    0.974800247993678,
    0.9943477124775534,
    1.0214049358783805,
    0.9755458057473945,
    0.9931899918674749,
    0.9900118435422579,
    1.0252809179788929,
    1.0520876936067296,
    1.000680450118531,
    1.0031196845453338,
    0.9406587689020539,
    0.9713149370446716,
    0.9991333653655766,
    0.9985818944997706,
    1.0081564878971228,
    1.0010352591000033,
    1.004292627954382,
    0.9600665764830544,
    1.0065931687078906,
    0.9641748279711958,
    0.9806414384205463,
    0.9999373127090729,
    0.9958730805349552,
    0.9686542544408706,
    0.9806007469272883,
    0.9611542653187183,
    1.0090510072554908
  ],
  "val_acc": [
    0.22178988326848248,
    0.39299610894941633,
    0.4089140431552883,
    0.4336752741422002,
    0.38167668906968516,
    0.4708171206225681,
    0.5323664662186063,
    0.5150336045277679,
    0.4704633887513265,
    0.4655111425539441,
    0.5214007782101168,
    0.4909798372833392,
    0.5203395825963919,
    0.5125574814290768,
    0.5139724089140432,
    0.49345596038203043,
    0.5153873363990096,
    0.5104350902016271,
    0.5100813583303856,
    0.51326494517156,
    0.48850371418464805,
    0.5160948001414928,
    0.5238769013088079,
    0.5217545100813583,
    0.5153873363990096,
    0.5072515033604528,
    0.5001768659356208,
    0.5068977714892112,
    0.516802263883976,
    0.4987619384506544,
    0.5015917934205872,
    0.5160948001414928,
    0.5065440396179696,
    0.5252918287937743,
    0.5153873363990096,
    0.4969932790944464,
    0.5178634594977007,
    0.490272373540856,
    0.5175097276264592,
    0.518570923240184,
    0.5160948001414928,
    0.5076052352316944,
    0.5199858507251504,
    0.5245843650512911,
    0.5182171913689423,
    0.5139724089140432,
    0.5217545100813583,
    0.5217545100813583,
    0.5118500176865936,
    0.5196321188539087
  ]
}