{
  "train_loss": [
    0.520592728970297,
    0.4069821432897738,
    0.3882693282034401,
    0.3773587768602455,
    0.36660103382231474,
    0.36611976510374983,
    0.36426060545736516,
    0.3589840699101318,
    0.35579846152092215,
    0.3523382823246149,
    0.3499575530815208,
    0.348115083511368,
    0.3458558938719417,
    0.34582133928178593,
    0.3445569456360211,
    0.3437808275757291,
    0.34395947234015767,
    0.3427608318248811,
    0.3425710923083237,
    0.34118802410371973,
    0.34032674412115144,
    0.34055121213992956,
    0.3406722412256431,
    0.3393017172989414,
    0.3364848638065844,
    0.34017012830846477,
    0.3334168832967496,
    0.3343136463891177,
    0.3346464554286274,
    0.3363516073859739,
    0.3313671276527388,
    0.33258050120552174,
    0.33350999055924063,
    0.3314587858653027,
    0.33325002922603986,
    0.332484674174746,
    0.3294763814361337,
    0.32967167423609467,
    0.33001664679168297,
    0.3285801045414083,
    0.3312300848444616,
    0.32854774203200354,
    0.330208102021161,
    0.3298565327162974,
    0.3301712889207995,
    0.32910969102802445,
    0.3302736990381935,
    0.3289384112048858,
    0.33135731889493925,
    0.3289930104348916
  ],
  "train_acc": [
    0.8432305336832896,
    0.8918416447944006,
    0.8922790901137357,
    0.8942475940507436,
    0.8956692913385826,
    0.8960520559930009,
    0.8957239720034995,
    0.8969816272965879,
    0.8983486439195101,
    0.8976924759405074,
    0.900317147856518,
    0.8982392825896763,
    0.8990048118985127,
    0.8995516185476815,
    0.8991688538932633,
    0.9000437445319335,
    0.8996609798775154,
    0.9000984251968503,
    0.8992782152230971,
    0.9014654418197725,
    0.9005905511811023,
    0.9008092738407699,
    0.899825021872266,
    0.9005905511811023,
    0.900317147856518,
    0.9002624671916011,
    0.9015748031496063,
    0.9003718285214348,
    0.900754593175853,
    0.9014654418197725,
    0.9029418197725284,
    0.9014654418197725,
    0.9011920384951881,
    0.9027230971128609,
    0.9013013998250219,
    0.9016841644794401,
    0.9013560804899388,
    0.9023950131233596,
    0.9028871391076115,
    0.9029965004374453,
    0.9013013998250219,
    0.902668416447944,
    0.901738845144357,
    0.9020669291338582,
    0.9015201224846894,
    0.9023950131233596,
    0.9019028871391076,
    0.902668416447944,
    0.9015201224846894,
    0.9021762904636921
  ],
  "val_loss": [
    0.36928150578048724,
    0.35490629492612014,
    0.3483430374542187,
    0.34693699624627977,
    0.34527656228598114,
    0.34479745440735604,
    0.3434124070728941,
    0.34431643273883267,
    0.3430909172544632,
    0.34287500515433367,
    0.3453097634861622,
    0.3458828747437652,
    0.3464410405495924,
    0.3447277526751968,
    0.3449421694107684,
    0.3432902937360438,
    0.3437376330592876,
    0.3458365775103419,
    0.34168142444119226,
    0.3467033229621467,
    0.346411504902019,
    0.3477178990813385,
    0.3454061738706281,
    0.34868558479720735,
    0.3465252567835042,
    0.34611499651789374,
    0.3466763763500405,
    0.3498426605465597,
    0.3494322683818161,
    0.3475158276091435,
    0.34649340172981835,
    0.3463920663922952,
    0.35105566462511056,
    0.34832013221778746,
    0.3471797493107507,
    0.347847711753669,
    0.34962841989059606,
    0.3448452985538124,
    0.34297302718104544,
    0.3494995664988686,
    0.34645969669788784,
    0.3495694414478511,
    0.34541594805517073,
    0.3510226839556923,
    0.3506212364561085,
    0.3431450257472364,
    0.3528445376854005,
    0.3471865291647576,
    0.3468691946966161,
    0.3450840839639012
  ],
  "val_acc": [
    0.8944204685573366,
    0.8988902589395807,
    0.8999691738594328,
    0.9007398273736128,
    0.9010480887792849,
    0.9015104808877928,
    0.9021270036991369,
    0.9033600493218249,
    0.9041307028360049,
    0.9033600493218249,
    0.9035141800246609,
    0.9030517879161529,
    0.9045930949445129,
    0.905672009864365,
    0.905055487053021,
    0.9053637484586929,
    0.905826140567201,
    0.9053637484586929,
    0.906288532675709,
    0.906134401972873,
    0.9053637484586929,
    0.905055487053021,
    0.906750924784217,
    0.906288532675709,
    0.906596794081381,
    0.906288532675709,
    0.905209617755857,
    0.906134401972873,
    0.906134401972873,
    0.907059186189889,
    0.906134401972873,
    0.906442663378545,
    0.9041307028360049,
    0.9053637484586929,
    0.906596794081381,
    0.9053637484586929,
    0.9055178791615289,
    0.906750924784217,
    0.906905055487053,
    0.905672009864365,
    0.906288532675709,
    0.905209617755857,
    0.906596794081381,
    0.9044389642416769,
    0.905055487053021,
    0.907367447595561,
    0.9042848335388409,
    0.906134401972873,
    0.906596794081381,
    0.906596794081381
  ]
}