{
  "train_loss": [
    0.9337955581714892,
    0.8165874712003282,
    0.7750200114834113,
    0.7424604756413217,
    0.726810904160243,
    0.7130306909529768,
    0.6896233763058903,
    0.6715173695853119,
    0.6836754636620852,
    0.6662002043998715,
    0.6461611868883956,
    0.6324027491677534,
    0.6322913889386416,
    0.6358348267136678,
    0.6269387250111618,
    0.6280761611398169,
    0.604582163942518,
    0.5798539661974551,
    0.5897656624482193,
    0.5939624603019102,
    0.5877995434625567,
    0.5958372061533018,
    0.5782685578590672,
    0.5725885957392927,
    0.5771796932842471,
    0.572798642442568,
    0.5849530637725856,
    0.5653882297504214,
    0.5655285779311027,
    0.5676357827049258,
    0.5694557739510079,
    0.5569214026686182,
    0.5727637410308131,
    0.5651376368360737,
    0.5514651408521792,
    0.55624240247347,
    0.5698293091770755,
    0.5525256194109377,
    0.5679450571493743,
    0.5505556306744938,
    0.5562307356504249,
    0.574062170177727,
    0.5533158422987782,
    0.5640592963037163,
    0.5617285187050541,
    0.5526556334560169,
    0.5625874031937365,
    0.544247377119302,
    0.554528722869519,
    0.5574783658516834
  ],
  "train_acc": [
    0.5446515004840271,
    0.6130203291384317,
    0.6596079380445304,
    0.6713455953533398,
    0.6800580832526621,
    0.6859874152952565,
    0.7031703775411423,
    0.707647628267183,
    0.7049854791868344,
    0.7175701839303001,
    0.7220474346563408,
    0.7307599225556631,
    0.7266456921587608,
    0.7280977734753146,
    0.7335430784123911,
    0.7276137463697967,
    0.7406824782187803,
    0.7584704743465635,
    0.7487899322362053,
    0.7483059051306873,
    0.7491529525653436,
    0.7483059051306873,
    0.7587124878993223,
    0.7596805421103582,
    0.755082284607938,
    0.7611326234269119,
    0.7587124878993223,
    0.7588334946757018,
    0.7566553727008712,
    0.7610116166505324,
    0.7643998063891578,
    0.7665779283639884,
    0.7573814133591481,
    0.7598015488867377,
    0.7680300096805421,
    0.7691190706679574,
    0.7561713455953534,
    0.7628267182962246,
    0.7624636979670861,
    0.771539206195547,
    0.7694820909970959,
    0.7612536302032914,
    0.7719022265246854,
    0.7630687318489835,
    0.7639157792836399,
    0.7673039690222653,
    0.7627057115198451,
    0.7732333010648597,
    0.7664569215876089,
    0.7657308809293321
  ],
  "val_loss": [
    0.9772073452671369,
    0.982190511699787,
    0.9686053631416822,
    0.9494767381814914,
    0.9552532545380337,
    1.0029896819322122,
    0.9334039654014474,
    0.9512823385286466,
    0.9372386719379048,
    0.9981158697546202,
    0.9711142927408218,
    0.9180916433701407,
    0.8843210648303315,
    0.9192799270616077,
    0.9756991262153044,
    0.9850515778055468,
    1.009587024291188,
    0.981563474583087,
    0.9775220208333038,
    0.9399326398211011,
    0.9841567186775517,
    1.0307419312917916,
    1.0167882780907518,
    1.0678294384378497,
    0.9970784011154862,
    0.9444000472625097,
    1.05877868582805,
    1.0062313319978404,
    1.0048106491439424,
    0.9808091771930961,
    1.018196334694065,
    1.0390403211685055,
    1.029877313775784,
    0.9982055872889225,
    0.976509521678511,
    1.0040586346202651,
    1.015092801344765,
    0.9866281303308778,
    1.0177325508478334,
    0.9938170314045612,
    1.041888039306564,
    1.0302483067547872,
    1.026091084284129,
    1.0136788076810581,
    1.0154035628725917,
    1.039111574038358,
    1.0141262863315432,
    1.0126356195005994,
    0.9736813794463705,
    1.0323137271160123
  ],
  "val_acc": [
    0.5206933144676336,
    0.5111425539441103,
    0.5302440749911567,
    0.516802263883976,
    0.5065440396179696,
    0.47576936681995047,
    0.5387336399009551,
    0.5090201627166607,
    0.5192783869826672,
    0.48142907675981605,
    0.5164485320127343,
    0.5451008135833039,
    0.572338167668907,
    0.5436858860983375,
    0.5175097276264592,
    0.5175097276264592,
    0.5001768659356208,
    0.5344888574460559,
    0.5316590024761231,
    0.5284754156349487,
    0.5327201980898479,
    0.5270604881499823,
    0.5143261407852847,
    0.5072515033604528,
    0.5164485320127343,
    0.5521754510081358,
    0.5252918287937743,
    0.5281216837637072,
    0.5259992925362575,
    0.5472232048107535,
    0.5111425539441103,
    0.5302440749911567,
    0.5150336045277679,
    0.5309515387336399,
    0.5203395825963919,
    0.5394411036434382,
    0.5344888574460559,
    0.5429784223558543,
    0.5362575168022639,
    0.5461620091970286,
    0.5175097276264592,
    0.5217545100813583,
    0.5288291475061903,
    0.5178634594977007,
    0.5313052706048815,
    0.5206933144676336,
    0.5313052706048815,
    0.5249380969225327,
    0.5256455606650159,
    0.5107888220728688
  ]
}