{
  "train_loss": [
    0.9946965773248505,
    0.8883649206549998,
    0.8484869772863305,
    0.8262973038491093,
    0.8144916937159323,
    0.805654125635236,
    0.7881380727845435,
    0.7777476536007378,
    0.7753023253598968,
    0.7541060955349229,
    0.7568667853220137,
    0.7523361873256461,
    0.7521679384058646,
    0.725067106757577,
    0.7372386234625848,
    0.7319613235855145,
    0.7404968712091029,
    0.7280222155082049,
    0.7219888718956828,
    0.7184495523454636,
    0.7292223037501645,
    0.7156128087264346,
    0.7145847916629162,
    0.7131417630629798,
    0.7066134132268861,
    0.7146552057638569,
    0.7115878737087533,
    0.7254167385692671,
    0.7095746359252554,
    0.7072687877940173,
    0.7111387036525672,
    0.716614348564561,
    0.7061086640231252,
    0.6985298415494403,
    0.7123266509355209,
    0.7142348502186548,
    0.7058169453267141,
    0.7090595341560513,
    0.7061406299732593,
    0.7065418262103098,
    0.7128367944248184,
    0.7048692973469134,
    0.7095563497853874,
    0.7172464138110375,
    0.7041720013319143,
    0.7087597079177437,
    0.7041916490539791,
    0.7004782242777049,
    0.7041835825456826,
    0.7146355213494752
  ],
  "train_acc": [
    0.5075459317585301,
    0.5814195100612424,
    0.5981517935258093,
    0.6116032370953631,
    0.6152668416447944,
    0.6289916885389326,
    0.6367563429571304,
    0.6388888888888888,
    0.6375218722659668,
    0.6515201224846894,
    0.655566491688539,
    0.6589566929133859,
    0.6577537182852143,
    0.6734470691163604,
    0.6648622047244095,
    0.6700568678915135,
    0.660761154855643,
    0.6702209098862643,
    0.6694006999125109,
    0.6763998250218722,
    0.6693460192475941,
    0.6768919510061242,
    0.6814304461942258,
    0.6735564304461942,
    0.6808836395450568,
    0.6768919510061242,
    0.6780402449693789,
    0.6679790026246719,
    0.6767279090113736,
    0.6778762029746281,
    0.6796259842519685,
    0.677438757655293,
    0.6832349081364829,
    0.6843285214348207,
    0.6767279090113736,
    0.6788057742782152,
    0.6830708661417323,
    0.678477690288714,
    0.6789698162729659,
    0.6807742782152231,
    0.6801727909011374,
    0.6808836395450568,
    0.6737751531058618,
    0.6740485564304461,
    0.6802274715660542,
    0.6782042869641295,
    0.6847112860892388,
    0.6856408573928259,
    0.6798993875765529,
    0.6763451443569554
  ],
  "val_loss": [
    0.9882969655252708,
    0.9398732140164193,
    0.9559428009093175,
    0.9658366341405673,
    0.9951903197165629,
    0.9400215778780042,
    0.800136309149233,
    0.9564800490653912,
    0.8980785520464807,
    0.8941783561622758,
    0.8964351499234998,
    0.8950173363512159,
    0.8667393173889226,
    0.8519193517772249,
    0.8614861031973553,
    0.8399949716874909,
    0.8872832070149564,
    0.8586319323018211,
    0.8919662834316234,
    0.874848609034583,
    0.8551690616310745,
    0.8309064726684008,
    0.8881160874108057,
    0.8162724281834616,
    0.8646245580419218,
    0.8614566271203661,
    0.8880551466408259,
    0.8910142952799062,
    0.8646749443065664,
    0.8323965653060544,
    0.8505161655412208,
    0.8587484226347338,
    0.8561851726213306,
    0.9170856565678017,
    0.838478498170026,
    0.8706020278495572,
    0.8490375624889216,
    0.8337571431507165,
    0.7873647684270445,
    0.8571602054463949,
    0.8704073207519498,
    0.8280422333467168,
    0.8623450053017472,
    0.861041654291782,
    0.8680844272035558,
    0.7585479125251899,
    0.8474982361941978,
    0.7570206635205579,
    0.8189336139015146,
    0.8228645859568686
  ],
  "val_acc": [
    0.37962392108508014,
    0.43865598027127006,
    0.38655980271270035,
    0.373921085080148,
    0.34155363748458695,
    0.405363748458693,
    0.6018803945745993,
    0.4215474722564735,
    0.45823057953144264,
    0.47348951911220716,
    0.4657829839704069,
    0.469482120838471,
    0.5147965474722564,
    0.5220406905055487,
    0.5237361282367448,
    0.5352959309494452,
    0.4926017262638718,
    0.530055487053021,
    0.49337237977805176,
    0.49799630086313196,
    0.5263563501849569,
    0.5539457459926017,
    0.5221948212083847,
    0.5778360049321825,
    0.5123304562268804,
    0.5175709001233045,
    0.49753390875462394,
    0.50077065351418,
    0.5107891491985204,
    0.5721331689272503,
    0.5457768187422934,
    0.5163378545006165,
    0.5305178791615289,
    0.47718865598027127,
    0.5511713933415536,
    0.5147965474722564,
    0.5425400739827374,
    0.56211467324291,
    0.622996300863132,
    0.5431565967940813,
    0.5137176325524044,
    0.5604192355117139,
    0.531442663378545,
    0.5248150431565968,
    0.5144882860665845,
    0.6695437731196054,
    0.5368372379778051,
    0.6555178791615289,
    0.5792231812577066,
    0.5892416769420469
  ]
}