{
  "train_loss": [
    0.6150249945461204,
    0.544857080923308,
    0.5108656434837832,
    0.4596744502356293,
    0.42493860751663876,
    0.41535401275945366,
    0.39483425239904213,
    0.4310031245471141,
    0.4085749966699049,
    0.3925859254844692,
    0.3696175923383017,
    0.3684798814698097,
    0.37224054206675344,
    0.3740527348234019,
    0.396222175603066,
    0.36574934607525483,
    0.3354973718182209,
    0.38903466591594416,
    0.35789639147323205,
    0.3540123855575509,
    0.3911682648943105,
    0.3325178841248565,
    0.3371599310786899,
    0.3700988475882679,
    0.34953202170516373,
    0.34976640439361606,
    0.35261353077965046,
    0.32715715652485505,
    0.3557334412743739,
    0.3362810144867372,
    0.33021926148495545,
    0.3413789998910843,
    0.351116673935444,
    0.35263751433529983,
    0.3525316841695287,
    0.35802258763018,
    0.3583443488823165,
    0.3760833089504767,
    0.3517459394461518,
    0.3577523528846032,
    0.34871236053765364,
    0.37020587647726777,
    0.34455131134445516,
    0.35424951135838795,
    0.3336123333338204,
    0.3346434480963497,
    0.3473037120057355,
    0.3962840999758572,
    0.3468390678593872,
    0.3566964431708559
  ],
  "train_acc": [
    0.6594036697247706,
    0.7259174311926605,
    0.7580275229357798,
    0.7889908256880734,
    0.8268348623853211,
    0.823394495412844,
    0.823394495412844,
    0.8211009174311926,
    0.8463302752293578,
    0.8245412844036697,
    0.8589449541284404,
    0.8371559633027523,
    0.8405963302752294,
    0.8497706422018348,
    0.8428899082568807,
    0.8451834862385321,
    0.8635321100917431,
    0.8509174311926605,
    0.8532110091743119,
    0.8600917431192661,
    0.8589449541284404,
    0.8555045871559633,
    0.8589449541284404,
    0.8532110091743119,
    0.856651376146789,
    0.8497706422018348,
    0.8532110091743119,
    0.8658256880733946,
    0.856651376146789,
    0.8589449541284404,
    0.875,
    0.8623853211009175,
    0.856651376146789,
    0.856651376146789,
    0.8555045871559633,
    0.8658256880733946,
    0.8600917431192661,
    0.8589449541284404,
    0.8486238532110092,
    0.8612385321100917,
    0.8577981651376146,
    0.8635321100917431,
    0.856651376146789,
    0.856651376146789,
    0.8589449541284404,
    0.8646788990825688,
    0.8623853211009175,
    0.8520642201834863,
    0.8692660550458715,
    0.8532110091743119
  ],
  "val_loss": [
    0.5891489366951742,
    0.5385102147334501,
    0.5212357883390627,
    0.5013076420873404,
    0.47373421745080696,
    0.46248697533615324,
    0.46172422214754316,
    0.46279783644958544,
    0.45188379535255463,
    0.4519265938403183,
    0.45927625698478597,
    0.4446376328552632,
    0.4817158292341781,
    0.4562090570842357,
    0.45649049312219414,
    0.46023225399518486,
    0.47319133128774793,
    0.49573138111123916,
    0.4862820868821521,
    0.4711772337751953,
    0.4727462802425419,
    0.4825102459198158,
    0.45410366214223596,
    0.47314167618261355,
    0.469685065363975,
    0.48314558882511366,
    0.4877077004333076,
    0.46228766677852134,
    0.46930449096927124,
    0.48425215269487937,
    0.48705821693874896,
    0.4726441640798983,
    0.4688451496124464,
    0.4743723884273909,
    0.4771778524093526,
    0.46120641868267404,
    0.46081381732303844,
    0.4952875410059565,
    0.47003783077295674,
    0.48839864546531125,
    0.49436055655640204,
    0.4935849033859803,
    0.4860364826102006,
    0.4670917013243429,
    0.47935841493553627,
    0.47171647836895364,
    0.4956804483785833,
    0.5008262201751533,
    0.5094785680381679,
    0.4766632577919058
  ],
  "val_acc": [
    0.6766169154228856,
    0.6849087893864013,
    0.7014925373134329,
    0.7446102819237148,
    0.7512437810945274,
    0.7396351575456053,
    0.7595356550580431,
    0.7479270315091211,
    0.7479270315091211,
    0.746268656716418,
    0.7379767827529021,
    0.746268656716418,
    0.7296849087893864,
    0.7479270315091211,
    0.736318407960199,
    0.7479270315091211,
    0.7446102819237148,
    0.7379767827529021,
    0.724709784411277,
    0.7330016583747927,
    0.7280265339966833,
    0.7296849087893864,
    0.736318407960199,
    0.736318407960199,
    0.7330016583747927,
    0.724709784411277,
    0.7346600331674958,
    0.7379767827529021,
    0.7379767827529021,
    0.736318407960199,
    0.7396351575456053,
    0.736318407960199,
    0.7396351575456053,
    0.7396351575456053,
    0.7446102819237148,
    0.7412935323383084,
    0.736318407960199,
    0.7346600331674958,
    0.736318407960199,
    0.7379767827529021,
    0.7412935323383084,
    0.7296849087893864,
    0.7346600331674958,
    0.7396351575456053,
    0.7379767827529021,
    0.7429519071310116,
    0.7296849087893864,
    0.7346600331674958,
    0.724709784411277,
    0.7346600331674958
  ]
}