{
  "train_loss": [
    0.2763964157805746,
    0.21198930047380746,
    0.20120554206581592,
    0.19521861766120346,
    0.1890496974362815,
    0.1872725009214221,
    0.1807235502185706,
    0.17903218317486846,
    0.1810412054901009,
    0.17644445632184325,
    0.18001934408991616,
    0.17503086071256108,
    0.17474694798064147,
    0.17199798883774098,
    0.1733884027501534,
    0.17253978348443855,
    0.1733951174237701,
    0.1715613378102672,
    0.17405393466105715,
    0.17172154553612648,
    0.17158225775400562,
    0.17045646706434686,
    0.1702006492553538,
    0.16829219602019063,
    0.16725571013739363,
    0.1701703955120328,
    0.1687530772548661,
    0.16853439883016905,
    0.16758656274520792,
    0.16880018002339756,
    0.16990987692689907,
    0.17163629993496501,
    0.1668119303350869,
    0.1690582960374712,
    0.16791133256018007,
    0.16767475594972583,
    0.16767929060171152,
    0.16590023466181386,
    0.16972693461152355,
    0.16812281195263354,
    0.16488008467726611,
    0.17016507357469746,
    0.1654950964736344,
    0.16898352532115482,
    0.16545972705037315,
    0.1672652554808287,
    0.166916817985638,
    0.1682637295712597,
    0.1665728939208263,
    0.16901626237623282
  ],
  "train_acc": [
    0.9152996500437446,
    0.9361329833770778,
    0.9368438320209974,
    0.9396325459317585,
    0.9406714785651793,
    0.9403980752405949,
    0.9411636045494314,
    0.942749343832021,
    0.9425306211723534,
    0.9422025371828522,
    0.9425853018372703,
    0.9438429571303587,
    0.9452099737532809,
    0.9444991251093613,
    0.9443350831146107,
    0.9442804024496938,
    0.945155293088364,
    0.945155293088364,
    0.9442257217847769,
    0.9452646544181977,
    0.9444444444444444,
    0.9458661417322834,
    0.9452099737532809,
    0.9461942257217848,
    0.9458114610673666,
    0.944663167104112,
    0.9452099737532809,
    0.946084864391951,
    0.9454833770778652,
    0.9461395450568679,
    0.9445538057742782,
    0.9440616797900262,
    0.9457567804024497,
    0.9438429571303587,
    0.9461942257217848,
    0.9457567804024497,
    0.9463582677165354,
    0.9463582677165354,
    0.9454833770778652,
    0.9454286964129484,
    0.9466316710411199,
    0.9452099737532809,
    0.9463582677165354,
    0.946576990376203,
    0.9457567804024497,
    0.945647419072616,
    0.9467410323709536,
    0.9454286964129484,
    0.9455380577427821,
    0.946522309711286
  ],
  "val_loss": [
    0.23280769258076922,
    0.20647522422319892,
    0.20573977978322014,
    0.2009620106913232,
    0.2003918444887469,
    0.19916457824954956,
    0.20322283264708343,
    0.20228125030929545,
    0.20107485055066118,
    0.19573545846640789,
    0.19955442721936553,
    0.1988517657639757,
    0.2023848753824361,
    0.1950459291383864,
    0.20390110786544305,
    0.1918736118913612,
    0.20323872822351188,
    0.20342545954136665,
    0.20512018636437626,
    0.20568933919257956,
    0.20359560789311307,
    0.19450940088147592,
    0.1979068049232262,
    0.199854155405272,
    0.20336243840553248,
    0.20055680913811094,
    0.20070939558809633,
    0.20114629325653907,
    0.19736358293125997,
    0.1966806835353144,
    0.19959984247525694,
    0.1971581645754798,
    0.20013092387861314,
    0.20267414950814128,
    0.20694224286928836,
    0.20297968900060565,
    0.20272983579734097,
    0.20231456887769786,
    0.19983739009126447,
    0.19752602948359296,
    0.19416709181943248,
    0.19795659050097966,
    0.1990508727531902,
    0.19837845675145468,
    0.20292529062371703,
    0.19938014437595905,
    0.20571346637010665,
    0.2016083169520633,
    0.196566123450995,
    0.20318141774788528
  ],
  "val_acc": [
    0.9264796547472256,
    0.9314118372379778,
    0.9321824907521579,
    0.9344944512946979,
    0.934956843403206,
    0.9355733662145499,
    0.9351109741060419,
    0.9355733662145499,
    0.935881627620222,
    0.938193588162762,
    0.937268803945746,
    0.938039457459926,
    0.937731196054254,
    0.938193588162762,
    0.9364981504315659,
    0.939118372379778,
    0.936035758323058,
    0.936652281134402,
    0.9363440197287299,
    0.936960542540074,
    0.93711467324291,
    0.9386559802712701,
    0.938347718865598,
    0.937422934648582,
    0.936960542540074,
    0.938039457459926,
    0.93788532675709,
    0.937731196054254,
    0.9386559802712701,
    0.9386559802712701,
    0.938039457459926,
    0.9385018495684341,
    0.937731196054254,
    0.937268803945746,
    0.936189889025894,
    0.93711467324291,
    0.93788532675709,
    0.937268803945746,
    0.937731196054254,
    0.9386559802712701,
    0.938964241676942,
    0.9386559802712701,
    0.9385018495684341,
    0.9385018495684341,
    0.937422934648582,
    0.938039457459926,
    0.935727496917386,
    0.937268803945746,
    0.9386559802712701,
    0.93711467324291
  ]
}