{
  "train_loss": [
    0.543887422585072,
    0.4456789738066776,
    0.424224582968671,
    0.42323544652481626,
    0.3991739658489174,
    0.39480309790254564,
    0.39728330772474685,
    0.3873069302863211,
    0.37679913598189396,
    0.3701397483881711,
    0.37320911929566714,
    0.3755255170952662,
    0.3688836784876472,
    0.35951744857003476,
    0.36306825005030124,
    0.3683690230821017,
    0.3561854399380068,
    0.3595082233448054,
    0.3716171793964225,
    0.3521649121213975,
    0.36584568937513745,
    0.3517759448387962,
    0.36667718616154654,
    0.35510865870830743,
    0.36536910423120017,
    0.3574733140320307,
    0.3555741131644685,
    0.3483430660741777,
    0.3439780030569056,
    0.3499435525701272,
    0.34940409822622087,
    0.34904198232039246,
    0.34317949944917775,
    0.3435546831702967,
    0.3478122612016072,
    0.3541793675330492,
    0.3396569786580696,
    0.3440662868688783,
    0.35363500809435805,
    0.3410792856045349,
    0.3451885194873793,
    0.3475431993149315,
    0.34180613796858683,
    0.34218306495787326,
    0.3481433311078809,
    0.3376490010916898,
    0.33745912366726105,
    0.347226196465453,
    0.35031187476992376,
    0.34652100013531134
  ],
  "train_acc": [
    0.7394724104549855,
    0.810866408518877,
    0.813891577928364,
    0.81945788964182,
    0.8215150048402711,
    0.8284123910939013,
    0.8288964181994192,
    0.8359148112294289,
    0.8361568247821878,
    0.837729912875121,
    0.834946757018393,
    0.83797192642788,
    0.835188770571152,
    0.8446272991287512,
    0.8400290416263311,
    0.8385769603097774,
    0.8452323330106486,
    0.8447483059051307,
    0.8407550822846079,
    0.8443852855759922,
    0.8403920619554696,
    0.8477734753146177,
    0.8371248789932236,
    0.8439012584704744,
    0.8388189738625363,
    0.8435382381413359,
    0.8409970958373669,
    0.848378509196515,
    0.8498305905130688,
    0.8477734753146177,
    0.8454743465634076,
    0.8436592449177154,
    0.848378509196515,
    0.851161665053243,
    0.8480154888673765,
    0.8425701839303001,
    0.8527347531461762,
    0.8486205227492739,
    0.8431752178121975,
    0.8521297192642788,
    0.8503146176185866,
    0.8451113262342691,
    0.848378509196515,
    0.8474104549854792,
    0.8493465634075508,
    0.8515246853823815,
    0.8510406582768635,
    0.8480154888673765,
    0.8487415295256534,
    0.8487415295256534
  ],
  "val_loss": [
    0.6480654786461911,
    0.6533014235891781,
    0.7945739246725951,
    0.7353904801710262,
    0.8015066019369889,
    0.726387001363571,
    0.718767495910074,
    0.7472880938337685,
    0.7320802631330187,
    0.6695540020989497,
    0.6923116994705998,
    0.6404683343792534,
    0.710999981234492,
    0.7125295488516363,
    0.6513396213830864,
    0.7012393114388537,
    0.7033611631341868,
    0.646407788022195,
    0.6475992883702919,
    0.6851922699439702,
    0.6733758677175995,
    0.7522637196027248,
    0.6001214316446271,
    0.6558884645333398,
    0.7443296323967098,
    0.702511594717596,
    0.7601449929788119,
    0.7508968615504561,
    0.7127955399958764,
    0.7289980104414083,
    0.7246750891419117,
    0.7276372467641229,
    0.7534408660468745,
    0.7537289112385384,
    0.7126906720295254,
    0.7299409333805916,
    0.7076851255076249,
    0.738791796983888,
    0.6512228051242602,
    0.7524957753149635,
    0.6910431254576197,
    0.6737752797997604,
    0.7533610273247301,
    0.6895289300746248,
    0.7424976685226469,
    0.7118849259101402,
    0.7189267488948916,
    0.6782329022084589,
    0.6763179316895745,
    0.7479960241560208
  ],
  "val_acc": [
    0.5652635302440749,
    0.5804740007074637,
    0.5351963211885391,
    0.5755217545100814,
    0.5429784223558543,
    0.563494870887867,
    0.5804740007074637,
    0.5709232401839406,
    0.5691545808277326,
    0.6070038910505836,
    0.5960382030420941,
    0.6154934559603821,
    0.5836575875486382,
    0.5875486381322957,
    0.6123098691192076,
    0.5992217898832685,
    0.5974531305270605,
    0.6197382384152812,
    0.6236292889989388,
    0.6020516448532013,
    0.611956137247966,
    0.5843650512911214,
    0.642023346303502,
    0.6197382384152812,
    0.5850725150336046,
    0.5985143261407853,
    0.5801202688362221,
    0.5861337106473293,
    0.6013441811107181,
    0.5893172974885037,
    0.5953307392996109,
    0.5921471524584365,
    0.5871949062610541,
    0.5896710293597454,
    0.6027591085956845,
    0.6006367173682349,
    0.5999292536257517,
    0.5861337106473293,
    0.6246904846126636,
    0.5840113194198797,
    0.6052352316943757,
    0.6154934559603821,
    0.5857799787760877,
    0.6091262822780332,
    0.588256101874779,
    0.6041740360806509,
    0.6009904492394765,
    0.6130173328616908,
    0.6101874778917581,
    0.5818889281924301
  ]
}