{
  "train_loss": [
    0.6510812122337889,
    0.5682383960623159,
    0.49975195423801344,
    0.49369772683472524,
    0.5012887181228537,
    0.46490339487299276,
    0.45798587056473145,
    0.4772355650419449,
    0.48059358951872333,
    0.44806754259583187,
    0.45429212869246405,
    0.4267562427143059,
    0.45491989647889686,
    0.452581359239498,
    0.4211724393881193,
    0.424018586085181,
    0.4311879817703769,
    0.4442314651637974,
    0.441112053104163,
    0.4265791415037102,
    0.42974603997402067,
    0.42225065247060445,
    0.4138541882335156,
    0.4189482434305421,
    0.42508239125703823,
    0.42246275240241893,
    0.43273204343743843,
    0.42765418516330594,
    0.4236600002636611,
    0.4214504982280259,
    0.41434840651431887,
    0.4214695879187521,
    0.40557986549516717,
    0.40720779099578513,
    0.4207462232449267,
    0.4180033943145582,
    0.41693773790702177,
    0.40771188973003486,
    0.4224330657238614,
    0.4196159845531577,
    0.4181192807435202,
    0.40841490485192133,
    0.43696728985596806,
    0.41456055599372377,
    0.4163294441924237,
    0.4038710857529451,
    0.41533372804473334,
    0.41532314499907763,
    0.4218041198235927,
    0.402527254701841
  ],
  "train_acc": [
    0.6629537953795379,
    0.7343234323432343,
    0.7632013201320133,
    0.7702145214521452,
    0.7784653465346535,
    0.7908415841584159,
    0.7937293729372937,
    0.7726897689768977,
    0.7966171617161716,
    0.7933168316831684,
    0.7908415841584159,
    0.7941419141914191,
    0.7937293729372937,
    0.7933168316831684,
    0.8003300330033003,
    0.8052805280528053,
    0.7986798679867987,
    0.7929042904290429,
    0.7986798679867987,
    0.8143564356435643,
    0.7945544554455446,
    0.7986798679867987,
    0.8048679867986799,
    0.8085808580858086,
    0.808993399339934,
    0.8094059405940595,
    0.8015676567656765,
    0.8073432343234324,
    0.7978547854785478,
    0.801980198019802,
    0.8147689768976898,
    0.8003300330033003,
    0.8085808580858086,
    0.8122937293729373,
    0.808993399339934,
    0.8114686468646864,
    0.8036303630363036,
    0.8023927392739274,
    0.8003300330033003,
    0.8094059405940595,
    0.806930693069307,
    0.8147689768976898,
    0.8011551155115512,
    0.804042904290429,
    0.8023927392739274,
    0.8143564356435643,
    0.8094059405940595,
    0.804042904290429,
    0.8007425742574258,
    0.8131188118811881
  ],
  "val_loss": [
    0.5349053557102497,
    0.5090632253350356,
    0.4929599517431015,
    0.47032617815794087,
    0.4721456130918784,
    0.47391392605809063,
    0.4756760274370511,
    0.4771473335627562,
    0.4716592151194047,
    0.4718079461883276,
    0.45714846616372085,
    0.46669151361745137,
    0.46580519885397875,
    0.4514318567055922,
    0.45578571638235676,
    0.44931271514640403,
    0.4657024628458879,
    0.461164007966335,
    0.46442403992972314,
    0.456741960432667,
    0.44733432102470827,
    0.4618936609476805,
    0.44702788365957064,
    0.4477814204322222,
    0.4613529527798677,
    0.4528066807736953,
    0.457068849211702,
    0.45004537123709154,
    0.4586376702078642,
    0.4565626021283559,
    0.45092885797986615,
    0.459661759961492,
    0.45152040384709835,
    0.45442369288932055,
    0.46114076014894706,
    0.44573671657305497,
    0.4634322275718053,
    0.45277921392176396,
    0.46803145798353046,
    0.45002086923863643,
    0.4684797038252537,
    0.457190929315029,
    0.45600491781265307,
    0.45714607753623754,
    0.4537153896421958,
    0.46271371206220907,
    0.4550485942894832,
    0.46533230477227616,
    0.4625765182651006,
    0.4554388007769982
  ],
  "val_acc": [
    0.717948717948718,
    0.7355769230769231,
    0.782051282051282,
    0.8076923076923077,
    0.7980769230769231,
    0.7932692307692307,
    0.7916666666666666,
    0.7916666666666666,
    0.7900641025641025,
    0.7980769230769231,
    0.8076923076923077,
    0.8028846153846154,
    0.8044871794871795,
    0.8141025641025641,
    0.8028846153846154,
    0.8125,
    0.7996794871794872,
    0.7964743589743589,
    0.7948717948717948,
    0.7964743589743589,
    0.8108974358974359,
    0.8028846153846154,
    0.8125,
    0.8108974358974359,
    0.8012820512820513,
    0.8076923076923077,
    0.8060897435897436,
    0.8028846153846154,
    0.8076923076923077,
    0.8060897435897436,
    0.8028846153846154,
    0.8060897435897436,
    0.8012820512820513,
    0.8044871794871795,
    0.8076923076923077,
    0.8173076923076923,
    0.8092948717948718,
    0.8044871794871795,
    0.7964743589743589,
    0.8076923076923077,
    0.7948717948717948,
    0.8092948717948718,
    0.8108974358974359,
    0.8092948717948718,
    0.8044871794871795,
    0.8012820512820513,
    0.8060897435897436,
    0.7980769230769231,
    0.8028846153846154,
    0.8028846153846154
  ]
}