{
  "train_loss": [
    0.7185539403893301,
    0.6382786438165121,
    0.6083195116740978,
    0.576214867909223,
    0.5562142928112421,
    0.5281410318928839,
    0.5370321509656527,
    0.5251321208398074,
    0.5036675435620428,
    0.4862498910419199,
    0.49044366911152343,
    0.49346532055873743,
    0.481009982082228,
    0.4684611016156658,
    0.4652388909005171,
    0.4709998457044955,
    0.46037253609161505,
    0.46332691974987256,
    0.4602703281388377,
    0.451224779845863,
    0.4600473665046376,
    0.4575967011072778,
    0.465339917911599,
    0.44906892780436586,
    0.454853887589562,
    0.44864082997603133,
    0.44584738310204436,
    0.4356673209872467,
    0.4439164315233167,
    0.4526856594922527,
    0.44369398279497957,
    0.433490082917624,
    0.4376620456872397,
    0.4550842033908857,
    0.4412706782979681,
    0.43898687112015605,
    0.4372028596945946,
    0.4409929546496726,
    0.4443026930093765,
    0.43890464128247947,
    0.4370604690337023,
    0.43527695408325323,
    0.4401209665252673,
    0.426743612088115,
    0.4406877043626166,
    0.4408985934904869,
    0.4331864050484651,
    0.4332681450228028,
    0.4401375131299164,
    0.43601610368450744
  ],
  "train_acc": [
    0.6009933774834437,
    0.6672185430463576,
    0.6879139072847682,
    0.7015728476821192,
    0.7230960264900662,
    0.7471026490066225,
    0.7408940397350994,
    0.7520695364238411,
    0.7557947019867549,
    0.7677980132450332,
    0.7669701986754967,
    0.7607615894039735,
    0.7715231788079471,
    0.7744205298013245,
    0.7711092715231788,
    0.7752483443708609,
    0.7889072847682119,
    0.7748344370860927,
    0.7855960264900662,
    0.7860099337748344,
    0.7868377483443708,
    0.7793874172185431,
    0.7806291390728477,
    0.7864238410596026,
    0.7901490066225165,
    0.7913907284768212,
    0.7909768211920529,
    0.8038079470198676,
    0.7909768211920529,
    0.7889072847682119,
    0.7971854304635762,
    0.7942880794701986,
    0.7860099337748344,
    0.7843543046357616,
    0.7926324503311258,
    0.7909768211920529,
    0.7947019867549668,
    0.7905629139072847,
    0.7959437086092715,
    0.7963576158940397,
    0.8038079470198676,
    0.796771523178808,
    0.7971854304635762,
    0.7942880794701986,
    0.7971854304635762,
    0.7963576158940397,
    0.7922185430463576,
    0.8033940397350994,
    0.796771523178808,
    0.793046357615894
  ],
  "val_loss": [
    0.5724517129934751,
    0.5298902338896042,
    0.5204590471127094,
    0.5093264060142713,
    0.5061005304257075,
    0.49702367129234165,
    0.5017791795424926,
    0.49234769416925234,
    0.49634214261403453,
    0.494481969720278,
    0.49645709915038866,
    0.47722518138396436,
    0.47733488506995714,
    0.47350621662842923,
    0.48656617869169283,
    0.48606762079856336,
    0.4954683830340703,
    0.4796114395826291,
    0.47877789785464603,
    0.47984223029552364,
    0.477060535015204,
    0.48774900039037067,
    0.4829645193158052,
    0.48901061522655,
    0.48336145530144375,
    0.4741007911089139,
    0.4920223139417477,
    0.48333216859744144,
    0.48476219482910937,
    0.4820201863081027,
    0.4755347266029089,
    0.4758411512160913,
    0.47979144828441816,
    0.4825388972575848,
    0.48811012487380934,
    0.4838413596153259,
    0.4826922154961488,
    0.4793900165420312,
    0.49150168895721436,
    0.4743959019199396,
    0.48534743927228147,
    0.48257353749030674,
    0.49069789606027114,
    0.4788221155221646,
    0.4877845050814824,
    0.4813080731874857,
    0.48479435650201946,
    0.4959325929864859,
    0.4884643199352118,
    0.4863841092357269
  ],
  "val_acc": [
    0.6955128205128205,
    0.7467948717948718,
    0.7564102564102564,
    0.7660256410256411,
    0.7660256410256411,
    0.7740384615384616,
    0.7756410256410257,
    0.7900641025641025,
    0.7852564102564102,
    0.7900641025641025,
    0.7868589743589743,
    0.8012820512820513,
    0.8028846153846154,
    0.8012820512820513,
    0.7980769230769231,
    0.7980769230769231,
    0.7980769230769231,
    0.8092948717948718,
    0.8092948717948718,
    0.8044871794871795,
    0.8108974358974359,
    0.8012820512820513,
    0.8012820512820513,
    0.7996794871794872,
    0.8012820512820513,
    0.8076923076923077,
    0.8060897435897436,
    0.8028846153846154,
    0.8028846153846154,
    0.8028846153846154,
    0.8108974358974359,
    0.8092948717948718,
    0.8060897435897436,
    0.8060897435897436,
    0.8060897435897436,
    0.8044871794871795,
    0.8044871794871795,
    0.8060897435897436,
    0.7948717948717948,
    0.8173076923076923,
    0.8076923076923077,
    0.8060897435897436,
    0.7996794871794872,
    0.8125,
    0.7996794871794872,
    0.8108974358974359,
    0.8060897435897436,
    0.7916666666666666,
    0.7964743589743589,
    0.8028846153846154
  ]
}