{
  "train_loss": [
    0.5934976782273809,
    0.5074195334123909,
    0.47125128854852205,
    0.42480023383000576,
    0.422151889344421,
    0.4258307549384756,
    0.38992325770198755,
    0.37872915974724186,
    0.38274395677748074,
    0.36523152976681333,
    0.3718699106792791,
    0.3713141480853798,
    0.39342903981515026,
    0.3586985977417832,
    0.38668445798508616,
    0.3459927307082972,
    0.34946040515232524,
    0.3540405266738813,
    0.349197218792701,
    0.36238454965823286,
    0.3546961814575239,
    0.36091755036640605,
    0.3288922022105357,
    0.3930610201637679,
    0.39401906687732136,
    0.34133129604502555,
    0.3332864023539998,
    0.3472232429669538,
    0.3759529035572612,
    0.3757108502568455,
    0.3532697809262013,
    0.35516144489066315,
    0.36617025343376564,
    0.3308029168652832,
    0.34806870990390076,
    0.33950578804136416,
    0.36428708220840594,
    0.3511966812091136,
    0.3610914793173107,
    0.34976235469546885,
    0.3605344972889358,
    0.36585697996507,
    0.3532365957668068,
    0.3247325329468885,
    0.3335941741499332,
    0.3830943249097658,
    0.3433246046236349,
    0.3318861573934555,
    0.3609985109042684,
    0.32982679596597997
  ],
  "train_acc": [
    0.6777522935779816,
    0.7637614678899083,
    0.7889908256880734,
    0.8279816513761468,
    0.8268348623853211,
    0.8405963302752294,
    0.8371559633027523,
    0.8428899082568807,
    0.8486238532110092,
    0.8463302752293578,
    0.8532110091743119,
    0.8577981651376146,
    0.8543577981651376,
    0.8543577981651376,
    0.8486238532110092,
    0.8555045871559633,
    0.8715596330275229,
    0.8497706422018348,
    0.8532110091743119,
    0.856651376146789,
    0.8555045871559633,
    0.8497706422018348,
    0.8669724770642202,
    0.8555045871559633,
    0.8589449541284404,
    0.8440366972477065,
    0.8681192660550459,
    0.8635321100917431,
    0.8543577981651376,
    0.8371559633027523,
    0.8612385321100917,
    0.8463302752293578,
    0.8577981651376146,
    0.8727064220183486,
    0.8577981651376146,
    0.8509174311926605,
    0.8635321100917431,
    0.8520642201834863,
    0.8577981651376146,
    0.8692660550458715,
    0.8543577981651376,
    0.856651376146789,
    0.8589449541284404,
    0.8704128440366973,
    0.8623853211009175,
    0.8474770642201835,
    0.8646788990825688,
    0.8623853211009175,
    0.8486238532110092,
    0.8646788990825688
  ],
  "val_loss": [
    0.5345668492740706,
    0.4915190381243041,
    0.4641983797283549,
    0.4530043463761869,
    0.4399215789315732,
    0.43523603957146406,
    0.4368911187262519,
    0.42374081137639125,
    0.42807259302782386,
    0.41854242014845733,
    0.42608859832398593,
    0.4419855127650264,
    0.4333497424560942,
    0.4391454738246179,
    0.4414232159523587,
    0.43835942444734666,
    0.4344299919535651,
    0.4376682321124367,
    0.44018715564896793,
    0.44210981751645084,
    0.44677665834560204,
    0.4479196321856427,
    0.43063682385132107,
    0.44453940415558846,
    0.4289079450413977,
    0.44484861474484205,
    0.44187749635526224,
    0.43641835348190444,
    0.4355615331717816,
    0.4365676427260041,
    0.4476728568245706,
    0.4433675039633128,
    0.4311632727101249,
    0.44568299574434367,
    0.4514555759776972,
    0.431591999680294,
    0.44555336695262476,
    0.43960823482637734,
    0.435149472157814,
    0.45779393098660204,
    0.43556155673669356,
    0.46324004807607516,
    0.442913033815689,
    0.43459385828311115,
    0.43670271205911904,
    0.4482976991291109,
    0.4343842134418848,
    0.43897925206999244,
    0.45291875198630516,
    0.45376443771008207
  ],
  "val_acc": [
    0.7230514096185738,
    0.7960199004975125,
    0.814262023217247,
    0.8258706467661692,
    0.8092868988391376,
    0.7810945273631841,
    0.7661691542288557,
    0.7860696517412935,
    0.7810945273631841,
    0.7993366500829188,
    0.7694859038142621,
    0.7379767827529021,
    0.746268656716418,
    0.7446102819237148,
    0.746268656716418,
    0.7396351575456053,
    0.7529021558872305,
    0.746268656716418,
    0.7429519071310116,
    0.7495854063018242,
    0.7379767827529021,
    0.7379767827529021,
    0.7479270315091211,
    0.7412935323383084,
    0.7495854063018242,
    0.7512437810945274,
    0.746268656716418,
    0.7529021558872305,
    0.7512437810945274,
    0.7479270315091211,
    0.7379767827529021,
    0.7479270315091211,
    0.7479270315091211,
    0.746268656716418,
    0.736318407960199,
    0.7529021558872305,
    0.7562189054726368,
    0.746268656716418,
    0.7495854063018242,
    0.7346600331674958,
    0.7429519071310116,
    0.736318407960199,
    0.746268656716418,
    0.7512437810945274,
    0.7529021558872305,
    0.7429519071310116,
    0.7545605306799337,
    0.746268656716418,
    0.7346600331674958,
    0.7429519071310116
  ]
}